motivation_required_class,motivation_computing_skills,motivation_career_advancement,motivation_career_change,motivation_professional_development,motivation_job_displacement,motivation_relocation,motivation_certifications,motivation_financial,motivation_personal_enrichment,motivation_curiosity,events_open_house,events_instant_decision_day,events_information_session,events_virtual_information_session,events_women_who_dare,events_regional_college_fair,influence_hs_computing_class,influence_hs_computing_club,influence_computing_competitions,influence_afterschool_program,influence_summer_camp,influence_ap_computing_class,influence_dual_enrollment,influence_family_friend,influence_family_friend_in_field,influence_teacher_counselor,influence_employer,heard_ccm_website,heard_billboard,heard_television,heard_radio,heard_social_media,heard_community_event,heard_family_friend,heard_employer,heard_current_student,heard_alumni,heard_high_school,decision_affordable_cost,decision_location_convenience,decision_program_choice,decision_online_offerings,decision_family_friend_referral,decision_faculty_staff,decision_college_reputation,decision_scholarships,decision_transfer_student,decision_small_class_sizes,decision_extracurricular_opportunities,gender,race_ethnicity,age
No,Yes,Yes,Yes,Yes,No,No,No,Yes,Yes,Yes,Yes,Yes,No,No,No,Yes,No Impact,No Impact,High Impact,,,,,Some Impact,,High Impact,,No,No,No,No,No,Yes,Yes,No,Yes,Yes,Yes,High Impact,High Impact,High Impact,High Impact,High Impact,Some Impact,High Impact,High Impact,High Impact,No Impact,No Impact,Prefer not to say,Hispanic or Latino;Black/African American;White/Caucasian;Multi-Racial,19-20
Yes,Yes,Yes,No,Yes,Yes,No,No,Yes,Yes,Yes,No,No,No,No,No,No,Some Impact,Some Impact,Some Impact,Some Impact,Some Impact,Some Impact,Some Impact,Some Impact,Some Impact,Some Impact,Some Impact,Yes,No,No,No,Yes,No,Yes,No,Yes,No,No,High Impact,High Impact,High Impact,High Impact,High Impact,High Impact,High Impact,High Impact,,High Impact,High Impact,Woman,Hispanic or Latino,19-20
Yes,Yes,Yes,Yes,Yes,Yes,Yes,No,Yes,No,No,Not Sure,Not Sure,Not Sure,Not Sure,Not Sure,Not Sure,,,No Impact,,,,,,,,,Yes,No,No,No,No,No,No,No,No,No,No,,No Impact,No Impact,No Impact,No Impact,No Impact,No Impact,,No Impact,No Impact,No Impact,Man,Choose not to reply,18 and younger
No,Yes,No,No,No,No,No,No,No,No,No,Yes,No,No,No,No,No,No Impact,No Impact,No Impact,No Impact,No Impact,No Impact,No Impact,No Impact,No Impact,No Impact,No Impact,No,No,No,No,No,No,Yes,No,Yes,Yes,Yes,Some Impact,High Impact,Some Impact,No Impact,High Impact,Some Impact,No Impact,No Impact,No Impact,No Impact,No Impact,Man,Hispanic or Latino,19-20
Yes,Yes,Yes,No,Yes,No,No,No,No,Yes,Yes,No,No,No,No,No,No,Some Impact,No Impact,,,,,,Some Impact,,,Some Impact,Yes,Yes,Yes,No,Yes,Yes,Yes,Yes,Yes,Yes,Yes,High Impact,High Impact,High Impact,High Impact,High Impact,High Impact,High Impact,High Impact,High Impact,High Impact,High Impact,Woman,White/Caucasian,19-20
Yes,Yes,No,No,No,No,No,No,Yes,Yes,Yes,No,No,No,Yes,No,No,Some Impact,Some Impact,High Impact,High Impact,Some Impact,Some Impact,Some Impact,High Impact,Some Impact,Some Impact,High Impact,Yes,No,No,No,Yes,No,Yes,No,Yes,No,Yes,Some Impact,Some Impact,Some Impact,High Impact,High Impact,High Impact,High Impact,Some Impact,High Impact,No Impact,No Impact,Woman,White/Caucasian,19-20
No,Yes,Yes,No,Yes,No,No,No,No,Yes,Yes,Not Sure,No,Not Sure,No,No,No,No Impact,No Impact,No Impact,No Impact,No Impact,No Impact,No Impact,High Impact,Some Impact,No Impact,No Impact,No,No,No,No,No,No,Yes,No,No,No,Yes,Some Impact,Some Impact,High Impact,,Some Impact,No Impact,No Impact,No Impact,No Impact,No Impact,No Impact,Woman,Hispanic or Latino,19-20
Yes,Yes,Yes,No,Yes,No,No,No,No,No,No,No,No,No,No,No,No,No Impact,No Impact,No Impact,No Impact,No Impact,No Impact,No Impact,No Impact,No Impact,High Impact,Some Impact,Yes,No,No,No,No,No,Yes,No,Yes,No,No,Some Impact,No Impact,High Impact,No Impact,High Impact,No Impact,Some Impact,No Impact,No Impact,High Impact,No Impact,Woman,Hispanic or Latino;Black/African American,18 and younger
Yes,No,No,No,No,No,No,No,No,No,No,No,No,No,No,No,No,No Impact,No Impact,No Impact,No Impact,No Impact,No Impact,No Impact,No Impact,No Impact,No Impact,No Impact,No,No,No,No,No,Yes,Yes,No,Yes,Yes,Yes,High Impact,High Impact,High Impact,Some Impact,High Impact,No Impact,High Impact,No Impact,No Impact,No Impact,No Impact,Woman,White/Caucasian,19-20
Yes,No,No,No,No,No,No,No,No,No,No,No,No,No,No,No,No,No Impact,No Impact,No Impact,No Impact,No Impact,No Impact,No Impact,No Impact,No Impact,No Impact,No Impact,No,No,No,No,No,No,No,No,No,No,Yes,High Impact,Some Impact,No Impact,No Impact,No Impact,No Impact,Some Impact,No Impact,High Impact,No Impact,No Impact,Woman,White/Caucasian,19-20
Yes,Yes,Yes,No,No,No,No,No,No,No,No,No,No,No,No,No,No,No Impact,Some Impact,High Impact,High Impact,Some Impact,Some Impact,Some Impact,High Impact,Some Impact,Some Impact,Some Impact,Yes,No,No,No,No,No,Yes,No,No,No,No,High Impact,High Impact,High Impact,High Impact,No Impact,No Impact,High Impact,No Impact,No Impact,No Impact,No Impact,Woman,Asian,25-34
Yes,Yes,No,No,Yes,No,No,No,No,No,No,No,No,Yes,No,No,No,No Impact,No Impact,No Impact,No Impact,No Impact,No Impact,No Impact,No Impact,No Impact,No Impact,No Impact,No,No,No,No,No,No,No,No,Yes,No,No,High Impact,High Impact,High Impact,No Impact,Some Impact,No Impact,Some Impact,No Impact,High Impact,High Impact,Some Impact,Woman,Hispanic or Latino;White/Caucasian,21-24
Yes,Yes,No,No,Yes,No,No,No,No,No,No,No,No,Yes,No,No,No,No Impact,No Impact,No Impact,No Impact,No Impact,No Impact,No Impact,No Impact,No Impact,No Impact,No Impact,No,No,No,No,No,No,No,No,Yes,No,No,High Impact,High Impact,High Impact,No Impact,Some Impact,No Impact,Some Impact,No Impact,High Impact,High Impact,Some Impact,Woman,Hispanic or Latino;White/Caucasian,21-24
Yes,Yes,Yes,No,Yes,No,No,No,No,No,No,No,No,Yes,Yes,No,No,Some Impact,Some Impact,No Impact,No Impact,No Impact,No Impact,No Impact,No Impact,No Impact,No Impact,No Impact,No,No,No,No,No,No,Yes,No,No,No,No,Some Impact,Some Impact,High Impact,High Impact,High Impact,Some Impact,Some Impact,Some Impact,High Impact,Some Impact,Some Impact,Woman,White/Caucasian,21-24
Yes,No,Yes,No,Yes,No,No,No,No,No,No,No,No,No,No,No,No,No Impact,No Impact,No Impact,No Impact,No Impact,No Impact,No Impact,No Impact,No Impact,No Impact,No Impact,No,No,No,No,No,No,Yes,No,No,No,No,High Impact,High Impact,Some Impact,No Impact,No Impact,No Impact,Some Impact,No Impact,No Impact,Some Impact,Some Impact,Non-binary,White/Caucasian,18 and younger
Yes,Yes,Yes,No,Yes,Yes,No,No,No,Yes,Yes,No,No,No,No,No,No,No Impact,No Impact,No Impact,No Impact,No Impact,No Impact,No Impact,Some Impact,Some Impact,No Impact,Some Impact,No,No,No,No,No,No,No,No,No,No,Yes,Some Impact,Some Impact,High Impact,Some Impact,No Impact,Some Impact,Some Impact,No Impact,No Impact,No Impact,No Impact,Man,White/Caucasian,19-20
Yes,Yes,Yes,No,No,Yes,No,No,No,No,No,No,No,No,No,No,No,No Impact,No Impact,No Impact,No Impact,No Impact,No Impact,No Impact,High Impact,Some Impact,No Impact,No Impact,No,No,No,No,No,No,Yes,No,Yes,Yes,Yes,High Impact,No Impact,High Impact,No Impact,Some Impact,Some Impact,No Impact,No Impact,No Impact,No Impact,No Impact,Woman,White/Caucasian,18 and younger
Yes,Yes,No,No,No,Yes,No,No,Yes,Yes,No,No,No,No,No,No,No,No Impact,No Impact,No Impact,No Impact,No Impact,No Impact,No Impact,No Impact,No Impact,No Impact,No Impact,No,No,No,No,Yes,No,Yes,Yes,Yes,Yes,Yes,High Impact,High Impact,Some Impact,No Impact,Some Impact,No Impact,High Impact,Some Impact,High Impact,No Impact,No Impact,Man,White/Caucasian,18 and younger
Yes,Yes,Yes,Yes,Yes,No,No,No,No,No,No,No,No,Yes,No,No,No,No Impact,No Impact,No Impact,No Impact,No Impact,No Impact,No Impact,No Impact,No Impact,No Impact,No Impact,No,No,No,No,No,No,Yes,No,Yes,No,No,Some Impact,High Impact,High Impact,No Impact,High Impact,No Impact,Some Impact,No Impact,No Impact,No Impact,No Impact,Woman,Hispanic or Latino,18 and younger
Yes,Yes,Yes,No,No,No,No,No,No,Yes,No,No,No,No,No,No,No,Some Impact,No Impact,No Impact,No Impact,No Impact,No Impact,No Impact,No Impact,No Impact,No Impact,No Impact,Yes,No,No,No,No,No,Yes,No,No,Yes,Yes,High Impact,High Impact,High Impact,No Impact,Some Impact,No Impact,Some Impact,High Impact,No Impact,No Impact,No Impact,Man,Asian;Black/African American,19-20
Yes,No,No,No,No,No,No,No,No,No,No,Yes,No,No,Yes,No,No,No Impact,No Impact,No Impact,No Impact,No Impact,No Impact,No Impact,No Impact,No Impact,No Impact,No Impact,No,No,No,No,No,No,Yes,No,No,No,Yes,High Impact,High Impact,No Impact,No Impact,High Impact,No Impact,No Impact,No Impact,No Impact,No Impact,No Impact,Woman,White/Caucasian,18 and younger
Yes,No,No,No,No,No,No,No,No,No,No,Yes,No,Yes,No,No,No,No Impact,No Impact,No Impact,No Impact,No Impact,No Impact,No Impact,High Impact,No Impact,No Impact,No Impact,No,No,No,No,No,No,Yes,No,No,No,No,High Impact,No Impact,High Impact,No Impact,No Impact,No Impact,No Impact,High Impact,No Impact,No Impact,No Impact,Man,Asian;White/Caucasian,19-20
Yes,Yes,No,No,Yes,No,No,No,No,No,No,No,No,No,No,No,No,No Impact,No Impact,No Impact,No Impact,No Impact,No Impact,No Impact,No Impact,No Impact,No Impact,No Impact,No,No,No,No,No,No,No,No,No,No,Yes,High Impact,High Impact,High Impact,No Impact,No Impact,No Impact,High Impact,No Impact,No Impact,Some Impact,No Impact,Man,White/Caucasian,25-34
Yes,Yes,Yes,No,Yes,No,No,No,Yes,Yes,Yes,No,No,No,No,No,No,No Impact,No Impact,No Impact,No Impact,No Impact,No Impact,No Impact,No Impact,No Impact,No Impact,No Impact,No,No,No,No,No,No,Yes,No,No,No,No,High Impact,High Impact,High Impact,No Impact,High Impact,No Impact,No Impact,No Impact,No Impact,No Impact,No Impact,Man,Hispanic or Latino,25-34
Yes,Yes,Yes,No,Yes,No,No,No,No,No,Yes,No,No,No,No,No,No,Some Impact,,High Impact,,,,Some Impact,,,,,Yes,No,No,No,No,No,No,No,Yes,No,Yes,Some Impact,Some Impact,High Impact,High Impact,No Impact,,,,Some Impact,,,Woman,Hispanic or Latino,19-20
Yes,Yes,Yes,No,No,No,No,No,No,Yes,Yes,Yes,No,Not Sure,No,No,No,No Impact,No Impact,No Impact,No Impact,No Impact,No Impact,No Impact,No Impact,No Impact,No Impact,Some Impact,No,No,No,No,No,No,Yes,No,No,No,No,High Impact,Some Impact,High Impact,No Impact,Some Impact,Some Impact,No Impact,No Impact,No Impact,No Impact,No Impact,Man,Hispanic or Latino;White/Caucasian,18 and younger
Yes,No,No,No,Yes,No,No,No,No,Yes,No,No,No,No,No,No,No,No Impact,No Impact,No Impact,No Impact,No Impact,No Impact,No Impact,No Impact,No Impact,No Impact,No Impact,No,No,No,No,No,No,Yes,No,Yes,Yes,Yes,High Impact,Some Impact,High Impact,No Impact,Some Impact,No Impact,Some Impact,Some Impact,No Impact,Some Impact,No Impact,Woman,White/Caucasian,19-20
Yes,Yes,Yes,No,Yes,No,No,No,Yes,Yes,Yes,Yes,No,Yes,No,No,No,No Impact,No Impact,No Impact,No Impact,No Impact,No Impact,No Impact,No Impact,No Impact,No Impact,No Impact,No,No,No,No,No,No,No,No,Yes,Yes,Yes,High Impact,High Impact,Some Impact,No Impact,Some Impact,Some Impact,Some Impact,Some Impact,No Impact,Some Impact,No Impact,Man,White/Caucasian,19-20
Yes,Yes,Yes,Yes,Yes,No,Yes,No,Yes,Yes,Yes,No,No,Yes,No,No,No,No Impact,No Impact,No Impact,No Impact,No Impact,No Impact,No Impact,Some Impact,No Impact,No Impact,No Impact,Yes,No,No,No,No,No,Yes,No,Yes,No,Yes,High Impact,Some Impact,High Impact,High Impact,High Impact,No Impact,Some Impact,Some Impact,High Impact,High Impact,High Impact,Man,Asian;White/Caucasian,25-34
Yes,Yes,Yes,No,Yes,No,No,No,No,Yes,Yes,No,No,No,Yes,No,No,Some Impact,Some Impact,No Impact,No Impact,No Impact,No Impact,No Impact,No Impact,No Impact,No Impact,No Impact,No,Yes,No,No,No,No,Yes,No,Yes,No,Yes,High Impact,High Impact,High Impact,High Impact,No Impact,Some Impact,Some Impact,Some Impact,No Impact,Some Impact,Some Impact,Woman,Hispanic or Latino,21-24
Yes,Yes,No,No,Yes,Yes,No,No,No,No,No,No,No,No,No,No,Not Sure,Some Impact,No Impact,No Impact,No Impact,No Impact,No Impact,No Impact,Some Impact,Some Impact,No Impact,Some Impact,No,No,No,No,Yes,No,Yes,Yes,Yes,No,No,,High Impact,No Impact,Some Impact,High Impact,No Impact,No Impact,High Impact,No Impact,No Impact,No Impact,Woman,Hispanic or Latino,21-24
Yes,No,Yes,No,Yes,No,No,No,No,Yes,Yes,No,No,No,No,No,No,No Impact,,Some Impact,,,,,Some Impact,Some Impact,Some Impact,Some Impact,Yes,No,No,No,Yes,No,Yes,Yes,Yes,No,Yes,High Impact,Some Impact,High Impact,No Impact,Some Impact,No Impact,Some Impact,No Impact,No Impact,No Impact,Some Impact,Woman,Hispanic or Latino;White/Caucasian,18 and younger
Yes,Yes,Yes,No,Yes,No,No,No,Yes,Yes,Yes,Yes,No,Yes,No,No,No,Some Impact,High Impact,Some Impact,No Impact,No Impact,No Impact,No Impact,Some Impact,Some Impact,Some Impact,No Impact,Yes,No,No,No,Yes,Yes,Yes,No,No,No,Yes,High Impact,Some Impact,High Impact,Some Impact,High Impact,No Impact,No Impact,No Impact,No Impact,Some Impact,No Impact,Woman,American Indian/Native American/Alaska Native;White/Caucasian,18 and younger
Yes,Yes,Yes,Yes,Yes,Yes,No,No,Yes,No,Yes,No,No,Not Sure,No,No,No,No Impact,No Impact,No Impact,No Impact,No Impact,No Impact,No Impact,High Impact,High Impact,High Impact,High Impact,No,No,No,No,No,No,Yes,Yes,No,No,No,High Impact,No Impact,Some Impact,No Impact,High Impact,High Impact,High Impact,High Impact,No Impact,Some Impact,High Impact,Man,White/Caucasian,35-64
No,Yes,Yes,No,Yes,No,No,No,No,Yes,Yes,No,No,No,No,No,No,No Impact,No Impact,No Impact,No Impact,No Impact,No Impact,No Impact,High Impact,Some Impact,No Impact,High Impact,No,No,No,No,No,No,Yes,No,Yes,No,No,High Impact,No Impact,High Impact,High Impact,High Impact,No Impact,Some Impact,No Impact,No Impact,High Impact,No Impact,Woman,Hispanic or Latino;White/Caucasian;Multi-Racial,21-24
Yes,Yes,Yes,Yes,Yes,Yes,Yes,No,Yes,Yes,Yes,No,No,No,No,No,No,Some Impact,No Impact,No Impact,No Impact,No Impact,No Impact,No Impact,No Impact,No Impact,No Impact,High Impact,Yes,No,No,No,No,No,Yes,Yes,No,Yes,Yes,High Impact,High Impact,High Impact,No Impact,No Impact,No Impact,No Impact,High Impact,No Impact,No Impact,No Impact,Man,White/Caucasian,19-20
Yes,Yes,Yes,Yes,Yes,No,No,No,Yes,Yes,Yes,No,No,No,No,No,No,No Impact,No Impact,No Impact,No Impact,No Impact,No Impact,No Impact,No Impact,No Impact,No Impact,No Impact,Yes,No,No,No,No,No,Yes,No,No,Yes,Yes,Some Impact,High Impact,High Impact,No Impact,Some Impact,Some Impact,Some Impact,No Impact,High Impact,No Impact,No Impact,Man,Black/African American,21-24
Yes,No,No,No,No,No,No,No,No,No,No,No,No,No,No,No,No,No Impact,No Impact,No Impact,No Impact,No Impact,No Impact,No Impact,No Impact,No Impact,No Impact,No Impact,No,No,No,No,No,No,No,No,No,No,Yes,,,,,,,,,,,,Man,White/Caucasian,19-20
No,Yes,Yes,No,Yes,No,No,No,Yes,Yes,Yes,No,No,No,No,No,No,Some Impact,No Impact,Some Impact,Some Impact,High Impact,No Impact,No Impact,Some Impact,No Impact,No Impact,No Impact,Yes,No,No,No,No,No,Yes,No,Yes,No,Yes,High Impact,High Impact,Some Impact,Some Impact,High Impact,No Impact,Some Impact,High Impact,Some Impact,High Impact,No Impact,Woman,White/Caucasian,19-20
Yes,No,No,Yes,Yes,Yes,No,No,Yes,Yes,No,No,No,No,No,No,No,No Impact,No Impact,No Impact,No Impact,No Impact,No Impact,No Impact,No Impact,No Impact,No Impact,No Impact,No,No,No,No,No,No,No,No,No,No,Yes,High Impact,High Impact,High Impact,High Impact,No Impact,No Impact,No Impact,No Impact,No Impact,No Impact,No Impact,Woman,Hispanic or Latino,19-20
Yes,Yes,Yes,No,Yes,Yes,Yes,No,No,Yes,Yes,No,No,No,No,No,No,No Impact,Some Impact,No Impact,No Impact,No Impact,No Impact,No Impact,Some Impact,High Impact,No Impact,High Impact,Yes,No,No,No,Yes,Yes,Yes,No,No,No,Yes,High Impact,High Impact,High Impact,No Impact,No Impact,No Impact,No Impact,High Impact,No Impact,High Impact,High Impact,Woman,Hispanic or Latino,21-24
Yes,Yes,No,No,Yes,No,No,No,No,No,No,No,No,No,No,No,No,,,,,,,,High Impact,High Impact,,,Yes,No,No,No,Yes,No,Yes,No,Yes,Yes,Yes,Some Impact,High Impact,High Impact,No Impact,High Impact,,Some Impact,,,Some Impact,No Impact,Woman,Hispanic or Latino;Asian;White/Caucasian,18 and younger
Yes,No,No,No,Yes,No,No,No,No,No,Yes,Yes,Yes,Yes,No,No,No,No Impact,No Impact,No Impact,No Impact,No Impact,No Impact,No Impact,Some Impact,No Impact,No Impact,No Impact,Yes,No,No,No,Yes,Yes,Yes,No,Yes,No,Yes,High Impact,High Impact,High Impact,High Impact,High Impact,No Impact,Some Impact,High Impact,No Impact,High Impact,High Impact,Woman,Black/African American,19-20
Yes,Yes,Yes,No,Yes,No,No,No,No,No,No,No,No,No,No,No,No,No Impact,No Impact,No Impact,No Impact,No Impact,No Impact,Some Impact,Some Impact,No Impact,Some Impact,No Impact,No,No,No,No,No,No,Yes,No,Yes,No,Yes,Some Impact,High Impact,Some Impact,No Impact,Some Impact,No Impact,No Impact,No Impact,No Impact,No Impact,No Impact,Woman,Hispanic or Latino,18 and younger
Yes,Yes,Yes,Yes,Yes,No,No,No,No,Yes,Yes,No,No,No,No,No,No,No Impact,No Impact,No Impact,No Impact,No Impact,No Impact,No Impact,No Impact,No Impact,No Impact,No Impact,Yes,No,No,No,No,No,No,No,No,No,No,No Impact,Some Impact,High Impact,Some Impact,No Impact,No Impact,Some Impact,Some Impact,Some Impact,Some Impact,,Woman,Choose not to reply,25-34
Yes,Yes,Yes,No,Yes,No,No,No,No,Yes,Yes,No,No,No,No,No,No,Some Impact,Some Impact,,,,,,,,,High Impact,No,No,No,No,No,No,Yes,No,No,No,No,High Impact,High Impact,High Impact,High Impact,,,High Impact,High Impact,,High Impact,,Woman,Hispanic or Latino,21-24
Yes,Yes,Yes,Yes,Yes,No,No,No,No,No,No,No,No,No,No,No,No,Some Impact,Some Impact,,,,,,,,,,No,No,No,No,No,No,Yes,No,Yes,No,No,High Impact,High Impact,High Impact,High Impact,High Impact,,,No Impact,High Impact,Some Impact,Some Impact,Woman,Hispanic or Latino,21-24
Yes,Yes,Yes,No,Yes,No,No,No,Yes,Yes,Yes,No,No,No,No,No,No,High Impact,No Impact,No Impact,No Impact,No Impact,No Impact,No Impact,High Impact,High Impact,No Impact,No Impact,No,No,No,No,Yes,Yes,Yes,No,Yes,Yes,Yes,High Impact,High Impact,High Impact,Some Impact,High Impact,Some Impact,High Impact,Some Impact,High Impact,Some Impact,,Man,White/Caucasian,19-20
Yes,Yes,Yes,No,Yes,No,No,No,No,No,Yes,No,No,No,No,No,No,High Impact,High Impact,Some Impact,High Impact,No Impact,No Impact,No Impact,High Impact,Some Impact,High Impact,No Impact,No,No,No,No,No,No,Yes,No,No,Yes,No,High Impact,High Impact,High Impact,No Impact,High Impact,High Impact,High Impact,No Impact,No Impact,High Impact,High Impact,Woman,White/Caucasian,19-20
Yes,Yes,Yes,No,Yes,No,No,No,No,No,No,No,No,No,No,No,No,No Impact,No Impact,No Impact,No Impact,No Impact,No Impact,No Impact,No Impact,No Impact,No Impact,No Impact,No,No,No,No,No,No,No,Yes,No,No,No,Some Impact,Some Impact,High Impact,Some Impact,No Impact,No Impact,No Impact,No Impact,No Impact,No Impact,No Impact,Man,Hispanic or Latino,19-20
Yes,Yes,Yes,Yes,Yes,Yes,No,No,No,Yes,Yes,Yes,Not Sure,Yes,No,Not Sure,No,High Impact,,No Impact,No Impact,No Impact,No Impact,No Impact,Some Impact,No Impact,No Impact,No Impact,Yes,No,No,No,Yes,Yes,Yes,Yes,No,No,Yes,High Impact,High Impact,High Impact,High Impact,,,,High Impact,No Impact,No Impact,High Impact,Woman,Hispanic or Latino,19-20
Yes,Yes,No,No,Yes,No,No,No,No,Yes,Yes,Yes,No,Yes,No,No,No,No Impact,No Impact,No Impact,No Impact,No Impact,No Impact,No Impact,No Impact,No Impact,No Impact,No Impact,Yes,No,No,No,No,Yes,No,No,No,No,No,High Impact,High Impact,High Impact,High Impact,No Impact,Some Impact,Some Impact,No Impact,No Impact,Some Impact,Some Impact,Woman,Hispanic or Latino,25-34
Yes,Yes,Yes,No,Yes,No,No,No,No,No,No,No,No,No,No,No,No,No Impact,No Impact,No Impact,No Impact,No Impact,No Impact,No Impact,No Impact,No Impact,No Impact,No Impact,No,No,No,No,No,No,Yes,No,No,No,No,High Impact,High Impact,High Impact,High Impact,High Impact,High Impact,High Impact,High Impact,High Impact,High Impact,High Impact,Man,Black/African American,19-20
Yes,No,No,No,Yes,No,No,No,No,No,No,No,No,No,No,No,No,Some Impact,Some Impact,Some Impact,Some Impact,Some Impact,Some Impact,Some Impact,Some Impact,Some Impact,Some Impact,Some Impact,No,No,No,No,No,No,No,Yes,No,Yes,No,High Impact,High Impact,High Impact,No Impact,No Impact,High Impact,High Impact,High Impact,No Impact,Some Impact,High Impact,Man,White/Caucasian,35-64
Yes,Yes,No,No,Yes,No,No,No,No,Yes,No,Not Sure,No,Yes,Yes,No,No,Some Impact,No Impact,No Impact,No Impact,No Impact,No Impact,No Impact,Some Impact,No Impact,No Impact,No Impact,No,No,No,No,No,No,No,No,No,Yes,Yes,High Impact,High Impact,Some Impact,No Impact,Some Impact,No Impact,Some Impact,No Impact,No Impact,No Impact,No Impact,Woman,White/Caucasian,19-20
No,Yes,No,No,No,No,No,No,No,Yes,Yes,No,No,No,No,No,No,No Impact,No Impact,No Impact,No Impact,No Impact,No Impact,No Impact,No Impact,No Impact,No Impact,No Impact,Yes,No,No,No,No,No,No,No,No,No,No,High Impact,High Impact,No Impact,High Impact,No Impact,No Impact,No Impact,No Impact,High Impact,No Impact,No Impact,Woman,White/Caucasian,25-34
Yes,Yes,Yes,No,Yes,No,No,No,No,Yes,Yes,No,No,No,No,No,No,Some Impact,,Some Impact,,Some Impact,,,High Impact,High Impact,Some Impact,Some Impact,Yes,Yes,No,No,Yes,Yes,Yes,Yes,No,No,Yes,High Impact,High Impact,High Impact,High Impact,High Impact,Some Impact,High Impact,Some Impact,Some Impact,High Impact,Some Impact,Woman,Hispanic or Latino,18 and younger
Yes,Yes,No,No,Yes,Yes,No,No,Yes,Yes,Yes,No,No,No,No,No,No,Some Impact,No Impact,No Impact,No Impact,No Impact,No Impact,No Impact,Some Impact,No Impact,No Impact,Some Impact,No,No,No,No,No,No,Yes,No,Yes,Yes,Yes,High Impact,Some Impact,High Impact,High Impact,High Impact,No Impact,High Impact,No Impact,No Impact,No Impact,No Impact,Man,White/Caucasian,19-20
Yes,Yes,Yes,Yes,Yes,Yes,Yes,No,No,No,Yes,Yes,No,No,Not Sure,Not Sure,Not Sure,High Impact,No Impact,High Impact,No Impact,No Impact,No Impact,No Impact,High Impact,High Impact,,,Yes,Yes,No,No,Yes,No,Yes,No,No,No,Yes,Some Impact,High Impact,High Impact,Some Impact,No Impact,Some Impact,High Impact,No Impact,,Some Impact,High Impact,Man,Asian,21-24
Yes,Yes,No,No,Yes,No,No,No,No,No,No,Not Sure,No,No,No,No,No,High Impact,,,,,High Impact,,Some Impact,,,,No,Yes,No,No,No,No,Yes,No,No,No,Yes,High Impact,High Impact,High Impact,No Impact,No Impact,No Impact,Some Impact,High Impact,No Impact,Some Impact,No Impact,Woman,Black/African American,19-20
Yes,Yes,Yes,No,Yes,Yes,Yes,No,Yes,Yes,Yes,No,No,No,No,No,No,Some Impact,Some Impact,No Impact,No Impact,No Impact,Some Impact,No Impact,Some Impact,No Impact,No Impact,Some Impact,No,No,No,No,Yes,No,Yes,Yes,Yes,No,No,High Impact,High Impact,High Impact,High Impact,High Impact,High Impact,High Impact,Some Impact,Some Impact,Some Impact,High Impact,Woman,Hispanic or Latino,21-24
Yes,No,No,No,No,No,No,No,No,No,No,No,No,No,No,No,No,No Impact,No Impact,No Impact,No Impact,No Impact,No Impact,No Impact,No Impact,No Impact,No Impact,No Impact,No,No,No,No,No,No,No,No,Yes,No,No,High Impact,High Impact,High Impact,Some Impact,No Impact,No Impact,High Impact,No Impact,No Impact,Some Impact,No Impact,Prefer not to say,White/Caucasian,19-20
Yes,Yes,Yes,No,No,No,No,No,No,No,No,Yes,No,No,No,No,No,Some Impact,No Impact,No Impact,No Impact,No Impact,No Impact,No Impact,No Impact,No Impact,No Impact,No Impact,No,No,No,No,No,No,Yes,No,Yes,Yes,Yes,High Impact,High Impact,No Impact,No Impact,High Impact,High Impact,No Impact,Some Impact,Some Impact,High Impact,No Impact,Woman,Asian;White/Caucasian,19-20
Yes,Yes,No,No,Yes,No,No,No,No,Yes,Yes,No,No,No,No,No,No,Some Impact,No Impact,,,,,,,,,,Yes,No,No,No,No,No,Yes,No,No,No,No,Some Impact,High Impact,High Impact,Some Impact,Some Impact,No Impact,No Impact,No Impact,Some Impact,Some Impact,No Impact,Woman,Hispanic or Latino;White/Caucasian,25-34
No,Yes,Yes,Yes,No,No,No,Yes,No,Yes,Yes,No,No,No,No,No,No,No Impact,No Impact,No Impact,No Impact,No Impact,No Impact,No Impact,No Impact,No Impact,No Impact,No Impact,No,No,No,No,No,No,Yes,No,Yes,No,No,High Impact,High Impact,No Impact,Some Impact,Some Impact,No Impact,No Impact,No Impact,High Impact,No Impact,No Impact,Man,Hispanic or Latino,25-34
Yes,Yes,Yes,No,Yes,Yes,No,No,No,Yes,No,Yes,Yes,Yes,No,No,Yes,No Impact,No Impact,No Impact,No Impact,No Impact,No Impact,No Impact,Some Impact,Some Impact,No Impact,High Impact,No,No,No,No,Yes,Yes,Yes,No,No,No,Yes,High Impact,High Impact,High Impact,High Impact,High Impact,High Impact,High Impact,No Impact,No Impact,Some Impact,High Impact,Man,White/Caucasian,19-20
Yes,Yes,No,No,Yes,No,No,No,No,No,No,Yes,No,No,No,No,No,No Impact,No Impact,No Impact,No Impact,No Impact,No Impact,No Impact,No Impact,No Impact,No Impact,No Impact,No,Yes,No,No,Yes,No,Yes,No,Yes,No,Yes,High Impact,High Impact,Some Impact,No Impact,No Impact,No Impact,Some Impact,No Impact,No Impact,No Impact,No Impact,Woman,White/Caucasian,19-20
No,Yes,Yes,Yes,Yes,Yes,No,No,No,Yes,Yes,No,No,No,No,No,No,High Impact,,,,,,,,,,,No,No,No,No,No,No,Yes,No,No,Yes,Yes,High Impact,High Impact,No Impact,No Impact,Some Impact,No Impact,Some Impact,No Impact,No Impact,Some Impact,Some Impact,Man,Choose not to reply,19-20
Yes,No,No,No,No,No,No,No,No,No,No,No,No,No,No,No,Yes,No Impact,No Impact,No Impact,No Impact,No Impact,No Impact,No Impact,No Impact,No Impact,No Impact,No Impact,Yes,No,No,No,No,No,Yes,No,No,No,Yes,High Impact,Some Impact,High Impact,No Impact,No Impact,No Impact,Some Impact,Some Impact,No Impact,No Impact,No Impact,Woman,Black/African American,18 and younger
Yes,Yes,Yes,No,Yes,Yes,No,No,No,Yes,No,Yes,No,Yes,Yes,No,No,High Impact,No Impact,No Impact,No Impact,No Impact,No Impact,No Impact,Some Impact,No Impact,High Impact,Some Impact,Yes,No,No,No,Yes,Yes,Yes,No,Yes,No,Yes,High Impact,Some Impact,High Impact,High Impact,Some Impact,No Impact,High Impact,High Impact,High Impact,High Impact,High Impact,Woman,Hispanic or Latino;White/Caucasian,19-20
Yes,Yes,No,No,No,No,No,No,No,No,Yes,Yes,No,No,No,No,Yes,No Impact,No Impact,No Impact,No Impact,No Impact,No Impact,No Impact,No Impact,No Impact,No Impact,No Impact,Yes,No,No,No,No,Yes,Yes,No,No,No,Yes,High Impact,High Impact,No Impact,,No Impact,No Impact,Some Impact,No Impact,No Impact,No Impact,No Impact,Woman,White/Caucasian,19-20
Yes,No,No,No,No,No,No,No,No,No,No,Yes,No,Yes,No,No,Yes,No Impact,No Impact,No Impact,No Impact,No Impact,No Impact,No Impact,No Impact,No Impact,No Impact,High Impact,No,No,No,No,No,No,Yes,No,No,No,Yes,High Impact,High Impact,High Impact,High Impact,No Impact,No Impact,No Impact,High Impact,No Impact,No Impact,No Impact,Woman,Choose not to reply,19-20
Yes,Yes,No,No,Yes,No,No,No,Yes,Yes,Yes,No,No,Yes,No,No,No,Some Impact,,,,,,,,,,,No,No,No,No,No,No,Yes,No,Yes,Yes,No,High Impact,High Impact,High Impact,High Impact,High Impact,High Impact,High Impact,Some Impact,Some Impact,High Impact,Some Impact,Woman,White/Caucasian,21-24
Yes,Yes,Yes,No,No,No,No,No,No,Yes,Yes,No,No,No,No,No,No,Some Impact,,,,,,,,,Some Impact,No Impact,Yes,No,No,No,Yes,No,No,No,Yes,No,Yes,Some Impact,High Impact,High Impact,,,Some Impact,High Impact,,,,,Woman,Hispanic or Latino,21-24
Yes,Yes,No,No,No,No,No,No,No,Yes,Yes,Yes,No,Yes,No,No,No,No Impact,No Impact,No Impact,No Impact,No Impact,No Impact,No Impact,No Impact,No Impact,No Impact,No Impact,No,Yes,No,No,Yes,No,Yes,No,Yes,Yes,Yes,High Impact,High Impact,High Impact,No Impact,Some Impact,Some Impact,Some Impact,High Impact,No Impact,Some Impact,High Impact,Woman,White/Caucasian,19-20
Yes,No,No,No,Yes,No,No,No,No,Yes,Yes,Yes,No,Yes,No,No,No,No Impact,No Impact,No Impact,No Impact,No Impact,No Impact,No Impact,No Impact,No Impact,No Impact,No Impact,Yes,No,No,No,Yes,Yes,Yes,No,Yes,No,Yes,High Impact,High Impact,High Impact,High Impact,High Impact,,,,,,,Woman,Hispanic or Latino,19-20
Yes,Yes,Yes,Yes,Yes,Yes,Yes,No,No,Yes,Yes,No,No,No,No,No,No,Some Impact,Some Impact,Some Impact,Some Impact,Some Impact,Some Impact,Some Impact,Some Impact,Some Impact,Some Impact,Some Impact,Yes,No,No,No,Yes,No,Yes,Yes,Yes,Yes,Yes,Some Impact,Some Impact,Some Impact,Some Impact,Some Impact,Some Impact,Some Impact,Some Impact,Some Impact,Some Impact,Some Impact,Man,White/Caucasian,35-64
No,No,No,No,No,No,No,No,No,No,No,No,No,No,No,No,No,Some Impact,Some Impact,Some Impact,Some Impact,Some Impact,Some Impact,Some Impact,Some Impact,Some Impact,Some Impact,Some Impact,Yes,No,No,No,No,No,No,Yes,Yes,Yes,Yes,Some Impact,Some Impact,Some Impact,Some Impact,Some Impact,Some Impact,Some Impact,Some Impact,Some Impact,Some Impact,Some Impact,Man,White/Caucasian,35-64
Yes,No,No,No,No,No,No,No,No,No,No,Yes,No,No,No,No,No,,,,,,,,,,,,No,No,No,No,No,No,Yes,No,No,No,Yes,High Impact,High Impact,,Some Impact,Some Impact,,Some Impact,No Impact,No Impact,No Impact,No Impact,Woman,Hispanic or Latino,19-20
Yes,Yes,Yes,No,Yes,No,No,No,No,Yes,No,No,No,No,No,No,No,No Impact,No Impact,No Impact,No Impact,No Impact,No Impact,No Impact,No Impact,No Impact,No Impact,No Impact,Yes,Yes,No,No,No,No,Yes,No,Yes,No,Yes,High Impact,High Impact,High Impact,High Impact,No Impact,No Impact,Some Impact,High Impact,No Impact,High Impact,No Impact,Woman,Hispanic or Latino,25-34
Yes,Yes,Yes,No,Yes,No,No,No,No,Yes,No,No,No,No,Yes,No,No,No Impact,No Impact,No Impact,No Impact,No Impact,No Impact,No Impact,No Impact,No Impact,No Impact,No Impact,Yes,No,No,No,Yes,No,No,No,No,No,No,High Impact,High Impact,High Impact,High Impact,No Impact,No Impact,Some Impact,No Impact,Some Impact,No Impact,No Impact,Woman,White/Caucasian,35-64
Yes,No,No,Yes,Yes,No,No,No,No,No,No,No,No,No,No,No,No,No Impact,No Impact,No Impact,No Impact,No Impact,No Impact,No Impact,No Impact,No Impact,No Impact,High Impact,No,No,No,No,No,No,No,No,No,No,Yes,High Impact,High Impact,No Impact,High Impact,No Impact,No Impact,No Impact,No Impact,No Impact,No Impact,No Impact,Man,White/Caucasian,21-24
Yes,Yes,Yes,No,Yes,Yes,Yes,Yes,Yes,Yes,Yes,No,No,No,No,No,No,Some Impact,Some Impact,Some Impact,No Impact,Some Impact,Some Impact,Some Impact,No Impact,No Impact,No Impact,High Impact,No,No,No,No,No,No,Yes,No,No,No,Yes,High Impact,High Impact,High Impact,High Impact,High Impact,Some Impact,Some Impact,Some Impact,High Impact,No Impact,High Impact,Man,White/Caucasian,19-20
Yes,No,No,No,No,No,No,No,No,No,No,No,No,No,No,No,No,No Impact,No Impact,No Impact,No Impact,No Impact,No Impact,No Impact,No Impact,No Impact,No Impact,No Impact,Yes,No,No,No,Yes,No,Yes,Yes,Yes,Yes,Yes,High Impact,High Impact,High Impact,High Impact,High Impact,High Impact,High Impact,High Impact,High Impact,High Impact,High Impact,Woman,White/Caucasian,19-20
Yes,No,Yes,No,Yes,No,No,No,No,No,No,No,No,No,No,No,No,No Impact,,No Impact,No Impact,No Impact,No Impact,No Impact,,No Impact,,No Impact,Yes,No,No,No,No,No,Yes,No,Yes,Yes,Yes,High Impact,High Impact,High Impact,High Impact,High Impact,High Impact,High Impact,High Impact,No Impact,High Impact,High Impact,Woman,Hispanic or Latino,19-20
Yes,No,No,No,No,No,No,No,No,No,No,Yes,No,No,No,No,No,,,,,,,,,,,,Yes,No,No,No,No,No,No,No,No,No,No,High Impact,High Impact,,,,,,,,,,Woman,Choose not to reply,35-64
Yes,Yes,Yes,Yes,Yes,Yes,Yes,Yes,Yes,Yes,Yes,No,No,No,No,No,No,,,,,,,,,,,,No,No,No,No,Yes,No,Yes,Yes,Yes,No,No,High Impact,High Impact,High Impact,High Impact,,,High Impact,,,,,Woman,White/Caucasian,25-34
Yes,Yes,Yes,Yes,No,No,No,No,No,No,Yes,No,No,No,No,No,No,Some Impact,Some Impact,No Impact,No Impact,Some Impact,Some Impact,High Impact,Some Impact,Some Impact,High Impact,No Impact,No,No,No,No,No,No,Yes,No,No,No,No,High Impact,High Impact,High Impact,High Impact,High Impact,High Impact,High Impact,High Impact,High Impact,High Impact,High Impact,Woman,Hispanic or Latino;White/Caucasian,21-24
Yes,Yes,Yes,No,Yes,Yes,No,No,No,Yes,Yes,Yes,No,No,No,No,No,No Impact,Some Impact,No Impact,No Impact,No Impact,No Impact,No Impact,Some Impact,Some Impact,Some Impact,Some Impact,No,No,No,No,No,No,Yes,No,Yes,Yes,No,High Impact,High Impact,High Impact,High Impact,High Impact,High Impact,Some Impact,High Impact,High Impact,High Impact,Some Impact,Woman,Hispanic or Latino,19-20
Yes,No,No,No,Yes,No,No,No,No,No,No,Yes,No,Yes,No,No,No,No Impact,No Impact,No Impact,No Impact,No Impact,No Impact,No Impact,No Impact,No Impact,No Impact,No Impact,No,No,No,No,No,Yes,Yes,No,No,No,No,High Impact,High Impact,High Impact,High Impact,No Impact,No Impact,No Impact,Some Impact,No Impact,No Impact,Some Impact,Woman,Black/African American,19-20
No,Yes,No,No,No,No,No,No,No,No,Yes,No,No,No,No,No,No,High Impact,Some Impact,Some Impact,No Impact,No Impact,No Impact,No Impact,Some Impact,No Impact,No Impact,No Impact,Yes,No,No,No,No,Yes,Yes,No,Yes,No,Yes,High Impact,High Impact,High Impact,High Impact,No Impact,No Impact,Some Impact,Some Impact,Some Impact,No Impact,No Impact,Man,Hispanic or Latino,19-20
Yes,Yes,Yes,No,Yes,No,No,No,No,Yes,Yes,No,No,No,Yes,No,No,Some Impact,Some Impact,No Impact,No Impact,No Impact,No Impact,No Impact,No Impact,No Impact,No Impact,No Impact,Yes,No,No,No,Yes,No,Yes,Yes,Yes,No,No,High Impact,High Impact,Some Impact,Some Impact,High Impact,High Impact,High Impact,Some Impact,Some Impact,High Impact,Some Impact,Woman,Asian,21-24
